model,task,epoch,train_loss,train_cross_entropy,train_dice_loss,val_loss,train_mean_iou,train_dice,val_mean_iou,val_mean_iou_foreground,val_dice,val_pixel_accuracy,learning_rate,epoch_seconds,device_memory_mb,train_loss_classifier,train_loss_box_reg,train_loss_mask,train_loss_objectness,train_loss_rpn_box_reg,train_total,val_mask_ap,val_mask_ap50,val_mask_ap75
fcn_resnet50,semantic,1,0.416580337369442,0.3571836899280548,0.475976983833313,0.3182816013097763,0.5490822277927798,0.684911415293633,0.4775449748130991,0.3894156631103004,0.6156358906032386,0.9213636233398952,0.0001,125.50290458300151,534.998291015625,N/A,N/A,N/A,N/A,N/A,N/A,N/A,N/A,N/A
fcn_resnet50,semantic,2,0.3080519679069519,0.23266296550035476,0.38344096975326536,0.28790683752298357,0.523389015834625,0.6342400186808267,0.499142549893129,0.4139497970625752,0.6302378218201438,0.9299823125038779,0.0001,134.77789708320051,676.613525390625,N/A,N/A,N/A,N/A,N/A,N/A,N/A,N/A,N/A
fcn_resnet50,semantic,3,0.28193414416313173,0.2141561124563217,0.34971217622756956,0.2717693905234337,0.5918715360346992,0.692272682639579,0.4979415347223719,0.41316313205736604,0.6262960177479847,0.9270201752371647,0.0001,131.56059720786288,675.078125,N/A,N/A,N/A,N/A,N/A,N/A,N/A,N/A,N/A
fcn_resnet50,semantic,4,0.26237896708250047,0.1964802970945835,0.32827763757705686,0.27209580993652344,0.5815363388121686,0.7118369549589686,0.4780644114417687,0.3882123453355154,0.6099224317023887,0.9272287978520066,0.0001,132.56374254194088,675.078125,N/A,N/A,N/A,N/A,N/A,N/A,N/A,N/A,N/A
fcn_resnet50,semantic,5,0.25732775502204897,0.19511520413160324,0.3195403066635132,0.27526723915338513,0.5649486617523993,0.6979022194038021,0.4817366983595199,0.3935816065065901,0.6148347282051153,0.9260886170980214,0.0001,132.8240523331333,677.525390625,N/A,N/A,N/A,N/A,N/A,N/A,N/A,N/A,N/A
fcn_resnet50,semantic,6,0.2427080531001091,0.18160933818221092,0.30380676860809325,0.2593477901816368,0.70890216209127,0.8225305934897639,0.5100722013686562,0.4268194378299319,0.639151050127224,0.9302031971070425,0.0001,133.58180312509649,677.525390625,N/A,N/A,N/A,N/A,N/A,N/A,N/A,N/A,N/A
fcn_resnet50,semantic,7,0.23671706187725067,0.17796016460061073,0.29547395877838134,0.26904552870988846,0.6963698526888904,0.8115094941269034,0.4897088619334486,0.4023872194089039,0.620307049955198,0.9297226468688092,0.0001,134.06561716692522,677.663818359375,N/A,N/A,N/A,N/A,N/A,N/A,N/A,N/A,N/A
fcn_resnet50,semantic,8,0.22286299273967744,0.1666296780347824,0.27909630765914917,0.2635432118177414,0.6669800099648687,0.7850837621220733,0.5294622566980332,0.44967124926377994,0.6625443817585562,0.932741843049895,0.0001,136.52105304202996,677.663818359375,N/A,N/A,N/A,N/A,N/A,N/A,N/A,N/A,N/A
fcn_resnet50,semantic,9,0.21031499001979828,0.15686203496456147,0.2637679453849793,0.2833670350909233,0.6622156351414108,0.782194772521087,0.49014904268932685,0.40365337235624404,0.6191384628008488,0.927085736206019,0.0001,136.35523012513295,675.025390625,N/A,N/A,N/A,N/A,N/A,N/A,N/A,N/A,N/A
fcn_resnet50,semantic,10,0.21330320393443108,0.15635531116724014,0.270251096534729,0.2684380843639374,0.7195512570114714,0.8303893953548417,0.5171347939008998,0.4348584792113136,0.6523064685855096,0.9307369235524573,0.0001,137.17719737486914,675.275390625,N/A,N/A,N/A,N/A,N/A,N/A,N/A,N/A,N/A
fcn_resnet50,semantic,11,0.20624096647500992,0.15333524520993233,0.25914668798446655,0.26447342681884767,0.7172235299974576,0.8266291639061297,0.5355667975706593,0.4566379851153033,0.6664902741798843,0.9348347756925526,0.0001,133.73131429194473,675.275390625,N/A,N/A,N/A,N/A,N/A,N/A,N/A,N/A,N/A
fcn_resnet50,semantic,12,0.2004365516781807,0.14804064096212388,0.25283246297836304,0.27928933888673785,0.6806698647166938,0.7900251642703916,0.5170579000906572,0.43533044654596365,0.6466625753069354,0.9285494247370283,0.0001,133.27582220896147,677.663818359375,N/A,N/A,N/A,N/A,N/A,N/A,N/A,N/A,N/A
fcn_resnet50,semantic,13,0.1938063619852066,0.14245158413648606,0.24516113986968993,0.2670309361219406,0.7060528826342707,0.8205239680788492,0.5323845839287112,0.4533678575650345,0.6628516197631595,0.9323886394688604,0.0001,133.29264066601172,677.663818359375,N/A,N/A,N/A,N/A,N/A,N/A,N/A,N/A,N/A
fcn_resnet50,semantic,14,0.19124334735274315,0.1416207515358925,0.24086594343185425,0.2644767487049103,0.7412897703601525,0.8417671639462351,0.5331680651806461,0.45417775836189805,0.6606226867591444,0.9341006524467401,0.0001,135.32982049998827,677.663818359375,N/A,N/A,N/A,N/A,N/A,N/A,N/A,N/A,N/A
fcn_resnet50,semantic,15,0.18741077604293824,0.1388968423783779,0.23592470960617065,0.27859687340259554,0.7680917123285305,0.8634306570368779,0.5014129649694041,0.4161102094491863,0.6275585995913961,0.9325352615419955,0.0001,144.53505583293736,677.663818359375,N/A,N/A,N/A,N/A,N/A,N/A,N/A,N/A,N/A
fcn_resnet50,semantic,16,0.18715432674884797,0.1381435711681843,0.23616508283615112,0.2783462627530098,0.7328961794162753,0.8408386251887695,0.5112229696703796,0.4284857689148122,0.645262753570672,0.9293185383875663,0.0001,138.2490367500577,677.663818359375,N/A,N/A,N/A,N/A,N/A,N/A,N/A,N/A,N/A
fcn_resnet50,semantic,17,0.1835974433362484,0.13732093030810355,0.22987395658493043,0.2573378965258598,0.7579409030680363,0.85556231344561,0.5530692470801993,0.4774501845276701,0.6792059971604086,0.9370823106760897,0.0001,134.08500891597942,677.663818359375,N/A,N/A,N/A,N/A,N/A,N/A,N/A,N/A,N/A
fcn_resnet50,semantic,18,0.17367512546777725,0.12853099319338798,0.2188192572593689,0.27828924548625944,0.8027169685880932,0.8864062840047094,0.5224527341723205,0.440842489555693,0.6510028639660018,0.9360259687734271,0.0001,134.03788266703486,675.025390625,N/A,N/A,N/A,N/A,N/A,N/A,N/A,N/A,N/A
fcn_resnet50,semantic,19,0.17238678666949273,0.12668106422424316,0.21809250812530517,0.2773880149126053,0.7220141233469316,0.8286648151597777,0.5058628431820943,0.42118460777872524,0.6340483600925029,0.9341274937703651,0.0001,136.5020692909602,675.025390625,N/A,N/A,N/A,N/A,N/A,N/A,N/A,N/A,N/A
fcn_resnet50,semantic,20,0.17228975936770438,0.1267100796997547,0.21786943912506104,0.27272443652153017,0.6796770172208838,0.773649220978225,0.5184884905062228,0.4361116881218671,0.6487038996049052,0.935387071607142,0.0001,133.79870545794256,675.025390625,N/A,N/A,N/A,N/A,N/A,N/A,N/A,N/A,N/A
fcn_resnet50,semantic,21,0.16785227699279784,0.12269433767199517,0.21301021547317506,0.26523756980895996,0.7831966502072888,0.8745179852495384,0.5604886067652678,0.4861884339909494,0.6915416419001387,0.9374055882530827,0.0001,134.5010967089329,675.025390625,N/A,N/A,N/A,N/A,N/A,N/A,N/A,N/A,N/A
fcn_resnet50,semantic,22,0.1678384534597397,0.12514284269213677,0.21053406457901,0.263442288517952,0.809074202791218,0.8922315043819823,0.5434309308957778,0.46542472276402796,0.6744114779846759,0.9383032609476497,0.0001,133.63507370906882,677.663818359375,N/A,N/A,N/A,N/A,N/A,N/A,N/A,N/A,N/A
fcn_resnet50,semantic,23,0.17063171389102935,0.12887808943986892,0.21238533878326415,0.2694474558234215,0.8071051211419911,0.8906833522463874,0.533442236960665,0.45391415196131624,0.6592109508202043,0.9364820410750212,0.0001,134.44430483295582,677.663818359375,N/A,N/A,N/A,N/A,N/A,N/A,N/A,N/A,N/A
fcn_resnet50,semantic,24,0.16871420419812203,0.12470334847569466,0.21272506065368652,0.27275498408079146,0.754920957111544,0.855216873338037,0.5226925218215014,0.44143544147851843,0.6518521849550184,0.9346856060724067,0.0001,136.26695783413015,677.663818359375,N/A,N/A,N/A,N/A,N/A,N/A,N/A,N/A,N/A
fcn_resnet50,semantic,25,0.15828669396042824,0.11510952633619309,0.20146386156082152,0.26824436938762664,0.7979448661918477,0.8843662423114192,0.5493673320644877,0.47304070090869316,0.6811940659707346,0.9369521248851743,0.0001,133.29977791616693,677.663818359375,N/A,N/A,N/A,N/A,N/A,N/A,N/A,N/A,N/A
unet,semantic,1,0.7645271060466766,0.8120391210079193,0.7170150917053223,0.6030084068775177,0.16718576675067642,0.19993077917637583,0.17039744100571594,0.03632735107785953,0.20353884625265517,0.843315146865855,0.0001,166.1015578750521,500.027587890625,N/A,N/A,N/A,N/A,N/A,N/A,N/A,N/A,N/A
unet,semantic,2,0.5849263458251953,0.5153400999307632,0.6545125918388367,0.5458034324645996,0.18814010580374804,0.22709255288937583,0.1906044255469451,0.059802838184802844,0.22936158654019592,0.848068455227805,0.0001,176.87151704216376,619.6025390625,N/A,N/A,N/A,N/A,N/A,N/A,N/A,N/A,N/A
unet,semantic,3,0.5561245704174042,0.4751395709514618,0.6371095713615418,0.5275746064186096,0.19068981803868743,0.2283720202122607,0.19175733296880046,0.0594869012442803,0.2298715547529729,0.8561819167102218,0.0001,174.83411749987863,621.4775390625,N/A,N/A,N/A,N/A,N/A,N/A,N/A,N/A,N/A
unet,semantic,4,0.5384732634544372,0.4495363783121109,0.6274101474761963,0.5137048456668853,0.21375705723867677,0.2540345010586893,0.20921710179349814,0.08209991647399194,0.2496560162075148,0.849496616220683,0.0001,174.6862107499037,619.6025390625,N/A,N/A,N/A,N/A,N/A,N/A,N/A,N/A,N/A
unet,semantic,5,0.5281732342243195,0.43837141926288603,0.6179750506401062,0.5015106064081192,0.19232819923816843,0.22821276929492065,0.19969257312830602,0.06745277624899607,0.23827586934380754,0.865752283496065,0.0001,174.07761149993166,621.12890625,N/A,N/A,N/A,N/A,N/A,N/A,N/A,N/A,N/A
unet,semantic,6,0.5158883148908615,0.42298712418079376,0.6087895051002502,0.48342569065093993,0.20428482523057778,0.24495282657657716,0.21568048460782088,0.08705516244625086,0.2550967875751121,0.8638577986268753,0.0001,173.54113554093055,621.12890625,N/A,N/A,N/A,N/A,N/A,N/A,N/A,N/A,N/A
unet,semantic,7,0.5039694986104966,0.40990358457565307,0.5980354125022889,0.47485780251026155,0.20599249469160705,0.2509212442665703,0.2221077240871323,0.09274902661780357,0.2736508943692932,0.8717911669516364,0.0001,174.01803395780735,619.1025390625,N/A,N/A,N/A,N/A,N/A,N/A,N/A,N/A,N/A
unet,semantic,8,0.48992083745002746,0.39938669741153715,0.580454976940155,0.4731259895563126,0.2536059057245232,0.3271243516081928,0.23701709147683583,0.11108936883142191,0.3015088317269835,0.8675271564291009,0.0001,173.78917429200374,621.37890625,N/A,N/A,N/A,N/A,N/A,N/A,N/A,N/A,N/A
unet,semantic,9,0.4740215915203094,0.38553072869777677,0.5625124542236328,0.4383121137619019,0.2855749679430925,0.36093125812554644,0.264430362543024,0.14297131124440227,0.33154181197792515,0.8755887461711788,0.0001,173.46596479113214,619.1025390625,N/A,N/A,N/A,N/A,N/A,N/A,N/A,N/A,N/A
unet,semantic,10,0.46800127136707304,0.37929816408157346,0.5567043802261352,0.43991185939311983,0.2578964932945244,0.33421260800150804,0.2725650930172109,0.15228444780589592,0.3452492910836387,0.8720359616646968,0.0001,173.54159791581333,621.12890625,N/A,N/A,N/A,N/A,N/A,N/A,N/A,N/A,N/A
unet,semantic,11,0.4582346655845642,0.3712819728851318,0.5451873582839966,0.42904365015029905,0.2945249731425946,0.3814485197178274,0.2877928495085295,0.17027241542492086,0.3719313673062446,0.874176944727177,0.0001,173.64332237490453,619.6025390625,N/A,N/A,N/A,N/A,N/A,N/A,N/A,N/A,N/A
unet,semantic,12,0.44862800245285034,0.36071243324279784,0.5365435704231262,0.43291707563400267,0.2982045152476513,0.38248187532245503,0.27374257677251307,0.1541759297589267,0.34987595824655154,0.8743899104492721,0.0001,174.22477587498724,621.12890625,N/A,N/A,N/A,N/A,N/A,N/A,N/A,N/A,N/A
unet,semantic,13,0.4437128757715225,0.356415350651741,0.531010401058197,0.4328998688459396,0.2934406735659863,0.3692372470194794,0.2846484007517233,0.16778212311913063,0.35959572074079943,0.8738693974856417,0.0001,177.7680817921646,621.12890625,N/A,N/A,N/A,N/A,N/A,N/A,N/A,N/A,N/A
unet,semantic,14,0.43664568121433256,0.35028688881397246,0.5230044733047485,0.4202047456502914,0.2769866934981933,0.34792878944840516,0.28829985731857405,0.17087004402821185,0.36358055069324147,0.8796972182060416,0.0001,176.60518712503836,621.12890625,N/A,N/A,N/A,N/A,N/A,N/A,N/A,N/A,N/A
unet,semantic,15,0.4301882234573364,0.34435945810079577,0.516016987323761,0.41647189104557036,0.32602583264063767,0.4188617123216453,0.2904335581956005,0.1725577544887213,0.3692048582046937,0.879509421020679,0.0001,174.52386462502182,619.6025390625,N/A,N/A,N/A,N/A,N/A,N/A,N/A,N/A,N/A
unet,semantic,16,0.4244207912683487,0.33842774238586426,0.510413840675354,0.3962191936969757,0.34849260291801576,0.441481536095873,0.30549295267676824,0.18956462636475002,0.39186421743518984,0.8857384036619239,0.0001,174.3590842501726,620.62890625,N/A,N/A,N/A,N/A,N/A,N/A,N/A,N/A,N/A
unet,semantic,17,0.41579301755428316,0.33046366682052614,0.5011223676681519,0.3959547334909439,0.32260349357376533,0.41334337809092864,0.3086617945761295,0.19296621253711987,0.3975530036377573,0.8882632989895861,0.0001,174.3279827090446,619.6025390625,N/A,N/A,N/A,N/A,N/A,N/A,N/A,N/A,N/A
unet,semantic,18,0.40744139726161954,0.3244355521798134,0.4904472406387329,0.4005096619129181,0.29902295805685286,0.37832843784403014,0.30731485250562757,0.1918906471648841,0.38907520920178396,0.886536768063079,0.0001,174.9728108330164,620.62890625,N/A,N/A,N/A,N/A,N/A,N/A,N/A,N/A,N/A
unet,semantic,19,0.40705348160266874,0.3251155638694763,0.48899139919281004,0.40836672866344453,0.3080011607521336,0.396324520527207,0.3056816095227464,0.1904095415792111,0.3930533581600883,0.8831930358781634,0.0001,175.5049689169973,620.62890625,N/A,N/A,N/A,N/A,N/A,N/A,N/A,N/A,N/A
unet,semantic,20,0.39823476283550263,0.3144672778725624,0.4820022473335266,0.3715869771242142,0.318466250650217,0.3993968511880683,0.3217428813130812,0.2066896698917759,0.4034660042852702,0.8983177150541352,0.0001,175.50961629208177,620.62890625,N/A,N/A,N/A,N/A,N/A,N/A,N/A,N/A,N/A
unet,semantic,21,0.3958882231712341,0.3143658002734184,0.4774106477737427,0.37346265292167663,0.35949206453435,0.4455566616687808,0.3176224558769946,0.20156022099587,0.3955599182070179,0.8993781084773448,0.0001,175.1625531250611,619.1025390625,N/A,N/A,N/A,N/A,N/A,N/A,N/A,N/A,N/A
unet,semantic,22,0.38899681839942934,0.30895575993061064,0.46903787775039674,0.38309712994098666,0.3640461398315089,0.46968136961731083,0.34246418147805596,0.2336659476237549,0.43917088903877316,0.889647430389851,0.0001,174.86817258386873,619.1025390625,N/A,N/A,N/A,N/A,N/A,N/A,N/A,N/A,N/A
unet,semantic,23,0.3874946990013123,0.3079744542717934,0.4670149443626404,0.384255552649498,0.3165835269495347,0.4037636616395453,0.31414151903229687,0.19894798235769334,0.40438386972355994,0.8864664496269156,0.0001,176.30747783416882,621.62890625,N/A,N/A,N/A,N/A,N/A,N/A,N/A,N/A,N/A
unet,semantic,24,0.38180659310817716,0.30320220233201983,0.46041098375320433,0.3783354916572571,0.29800143111206107,0.37936340123402784,0.3083876426877688,0.1905592843412592,0.3892914653260819,0.8964520205355002,0.0001,178.74992662505247,621.62890625,N/A,N/A,N/A,N/A,N/A,N/A,N/A,N/A,N/A
unet,semantic,25,0.3752558625102043,0.2987659181833267,0.45174580726623537,0.36191800928115847,0.43321675882128985,0.5524356862570499,0.34573693736667205,0.2354829128765476,0.44186903995005816,0.8994031849340648,0.0001,176.73477612505667,621.62890625,N/A,N/A,N/A,N/A,N/A,N/A,N/A,N/A,N/A
unetpp,semantic,1,0.7594845246315003,0.7965363031864167,0.7224327454566956,0.6034367227554321,0.1679473087622798,0.20282087909438182,0.17024842545607097,0.038321604591754946,0.20477156516704312,0.8325820090296423,0.0001,535.9661275830586,695.182861328125,N/A,N/A,N/A,N/A,N/A,N/A,N/A,N/A,N/A
unetpp,semantic,2,0.5854839344501496,0.5147863818407059,0.656181489276886,0.5384320774078369,0.1926677946864419,0.23345751797162453,0.1995859642093103,0.0710384511216991,0.23976816311647722,0.8466525869165874,0.0001,549.3614287909586,866.302001953125,N/A,N/A,N/A,N/A,N/A,N/A,N/A,N/A,N/A
unetpp,semantic,3,0.5535566880702972,0.47185947177410126,0.6352539021492004,0.5203440243005752,0.19736228254880747,0.23576895344353957,0.19789879329478988,0.06622277873344083,0.23667910742249232,0.8599027472393991,0.0001,543.6216938330326,866.88623046875,N/A,N/A,N/A,N/A,N/A,N/A,N/A,N/A,N/A
unetpp,semantic,4,0.5351657232522965,0.4456188190698624,0.6247126288414001,0.5078960680961608,0.21478174995419405,0.2545930092979782,0.210910661887554,0.08278067085028745,0.2508843811013177,0.8565309153040219,0.0001,542.5211160418112,867.38623046875,N/A,N/A,N/A,N/A,N/A,N/A,N/A,N/A,N/A
unetpp,semantic,5,0.5234702702045441,0.43414745230674745,0.6127930874824524,0.49221170496940614,0.19885419154740439,0.23697084567994472,0.203945477267839,0.07225300630578091,0.24325900264583222,0.8672467727912342,0.0001,542.9311760410201,866.052001953125,N/A,N/A,N/A,N/A,N/A,N/A,N/A,N/A,N/A
unetpp,semantic,6,0.5101098211050034,0.4198339095592499,0.6003857314109802,0.47369553089141847,0.22829699735170153,0.2882089338499371,0.2308260130288726,0.10444444462392351,0.28269212615448575,0.866632476334938,0.0001,543.6651648750994,866.052001953125,N/A,N/A,N/A,N/A,N/A,N/A,N/A,N/A,N/A
unetpp,semantic,7,0.4971039347887039,0.40710124990940094,0.5871066191673279,0.46484747838974,0.21602284304910405,0.2643184980763711,0.23668991377845963,0.11000537724751433,0.2975255220385096,0.8709867713096667,0.0001,543.0201187501661,868.01123046875,N/A,N/A,N/A,N/A,N/A,N/A,N/A,N/A,N/A
unetpp,semantic,8,0.4839054372549057,0.39528460245132446,0.5725262734413147,0.4595429893732071,0.25588272297263376,0.32766173362557344,0.24847459055405074,0.12395691202964401,0.31376357807534555,0.867291109317222,0.0001,551.4422577498481,866.802001953125,N/A,N/A,N/A,N/A,N/A,N/A,N/A,N/A,N/A
unetpp,semantic,9,0.4688837171792984,0.38170151498317717,0.5560659195899963,0.43474372923374177,0.2843862697197895,0.35973206200494207,0.2748157781653494,0.15589330732013815,0.3472110800272365,0.8732855334734556,0.0001,544.9367624160368,867.88623046875,N/A,N/A,N/A,N/A,N/A,N/A,N/A,N/A,N/A
unetpp,semantic,10,0.4630955222606659,0.3755506801366806,0.5506403668403625,0.43156026673316955,0.25024067342516526,0.31924835857215444,0.26903310029185934,0.1470486699912344,0.33707440913486536,0.877238804647358,0.0001,543.2068526251242,867.00146484375,N/A,N/A,N/A,N/A,N/A,N/A,N/A,N/A,N/A
unetpp,semantic,11,0.45202001943588255,0.36589077866077424,0.5381492596626282,0.4430454508066177,0.2962394569107908,0.3775516790968629,0.28233263858050006,0.16506677742478146,0.3600942788385213,0.8673952825046242,0.0001,544.1674344169442,867.00146484375,N/A,N/A,N/A,N/A,N/A,N/A,N/A,N/A,N/A
unetpp,semantic,12,0.44481243312358854,0.35739727816581723,0.532227587890625,0.4398899167776108,0.29049114551903443,0.37210006504578313,0.2774931784574692,0.16043283271517825,0.35219094106135795,0.8666165464927866,0.0001,544.5036541249137,868.2197265625,N/A,N/A,N/A,N/A,N/A,N/A,N/A,N/A,N/A
unetpp,semantic,13,0.4384077174425125,0.3512887492656708,0.5255266850471496,0.41538676619529724,0.292938112625302,0.36570956051116643,0.2900140469874562,0.1717549476571379,0.3651100202851995,0.8852087287370561,0.0001,544.3289297078736,868.9697265625,N/A,N/A,N/A,N/A,N/A,N/A,N/A,N/A,N/A
unetpp,semantic,14,0.43135901100635526,0.34456193926334383,0.5181560829162598,0.42761894094944003,0.2957303743082523,0.3730722039167818,0.30127245227250615,0.18803684279616856,0.3779091339774194,0.8713131489137451,0.0001,552.2555177919567,867.25146484375,N/A,N/A,N/A,N/A,N/A,N/A,N/A,N/A,N/A
unetpp,semantic,15,0.42492359614372255,0.339600003015995,0.5102471885681152,0.4161590377092361,0.3105593048381214,0.39842122958580184,0.28042665467538286,0.15965999629178237,0.35263693122420675,0.8810697475247397,0.0001,544.8367772919592,868.71240234375,N/A,N/A,N/A,N/A,N/A,N/A,N/A,N/A,N/A
unetpp,semantic,16,0.41878838052749634,0.3336162365555763,0.5039605242729187,0.38571083736419676,0.3441353834482364,0.42974217324945174,0.3114622242016209,0.19590711657935053,0.3911582189378286,0.8921129341094921,0.0001,545.0737768749241,868.46240234375,N/A,N/A,N/A,N/A,N/A,N/A,N/A,N/A,N/A
unetpp,semantic,17,0.41015491397380827,0.32593852202892304,0.4943713053703308,0.38435320723056793,0.3366358197881349,0.4209610813272014,0.31421590853322406,0.19848472351203475,0.3940096891463247,0.8957209512767669,0.0001,544.249289915897,867.00146484375,N/A,N/A,N/A,N/A,N/A,N/A,N/A,N/A,N/A
unetpp,semantic,18,0.40301546157598495,0.31989567872285846,0.486135244846344,0.39531165301799776,0.3114101724353844,0.3929796591997405,0.31565019373937137,0.20187856343636298,0.3965269166564072,0.8877202724629152,0.0001,545.4781114161015,867.71240234375,N/A,N/A,N/A,N/A,N/A,N/A,N/A,N/A,N/A
unetpp,semantic,19,0.4029977207183838,0.32174406373500825,0.4842513770103455,0.39286539459228514,0.3197535603816471,0.40588862424751543,0.31771607510921923,0.20319569484863154,0.403824990697153,0.8946853273769024,0.0001,545.5885069582146,866.75146484375,N/A,N/A,N/A,N/A,N/A,N/A,N/A,N/A,N/A
unetpp,semantic,20,0.39125072753429413,0.30697988221645356,0.47552157230377196,0.38928849864006043,0.3109139348362641,0.3913055204115969,0.3127281164917428,0.19818593097513293,0.394657868442176,0.8856220145262051,0.0001,550.813899166882,867.21240234375,N/A,N/A,N/A,N/A,N/A,N/A,N/A,N/A,N/A
unetpp,semantic,21,0.3888650467634201,0.3088256764769554,0.4689044174194336,0.36817583155632017,0.37453492602919036,0.46577073856714296,0.32540625312328303,0.21056556114427288,0.40578771240537126,0.9013086733647407,0.0001,546.3480913750827,867.21240234375,N/A,N/A,N/A,N/A,N/A,N/A,N/A,N/A,N/A
unetpp,semantic,22,0.38372694647312167,0.3039337982773781,0.46352009372711184,0.3781051605939865,0.36608796478159483,0.4757881997376989,0.34323811103387936,0.23426867956187056,0.44086366673121047,0.8905411896838895,0.0001,545.3562987078913,866.75146484375,N/A,N/A,N/A,N/A,N/A,N/A,N/A,N/A,N/A
unetpp,semantic,23,0.3847821603298187,0.3052911469101906,0.4642731739997864,0.37983666598796845,0.3109937054169215,0.3980101334839327,0.33119691498083215,0.2189146753737301,0.42870119436800236,0.8917927872529219,0.0001,544.9350350419991,867.21240234375,N/A,N/A,N/A,N/A,N/A,N/A,N/A,N/A,N/A
unetpp,semantic,24,0.3749883907556534,0.29762987077236175,0.45234690952301027,0.3657531079053879,0.3195549664559999,0.4078449452259278,0.33211868247008924,0.21868338976915208,0.4220064107904104,0.8998178058833941,0.0001,547.1617794581689,867.21240234375,N/A,N/A,N/A,N/A,N/A,N/A,N/A,N/A,N/A
unetpp,semantic,25,0.3702075210928917,0.2929301670193672,0.44748487548828125,0.36304075503349303,0.46285219631842,0.593078787826113,0.35025662198519475,0.2413346567186565,0.44951985338211276,0.8975787729543385,0.0001,550.1664829170331,867.21240234375,N/A,N/A,N/A,N/A,N/A,N/A,N/A,N/A,N/A
segnet,semantic,1,0.6341881329536438,0.6584147206306458,0.6099615426063537,0.4290786168575287,0.30558488217775776,0.3555301378848994,0.33235652341884075,0.21558977898341009,0.3901803838186971,0.9191486386407541,0.0001,129.10377912502736,474.907958984375,N/A,N/A,N/A,N/A,N/A,N/A,N/A,N/A,N/A
segnet,semantic,2,0.4195786975622177,0.3312699520111084,0.5078874429702759,0.3535556192398071,0.3859275879413442,0.46070254268293914,0.3739864957649655,0.2658594721039545,0.4516757538953886,0.91659248214887,0.0001,134.57849412504584,591.654052734375,N/A,N/A,N/A,N/A,N/A,N/A,N/A,N/A,N/A
segnet,semantic,3,0.3666990778207779,0.2810199688315392,0.45237818756103515,0.3435521241426468,0.3904887869236407,0.4674758262413324,0.3573981914727777,0.24727435479529322,0.43513161605612805,0.9108122514482306,0.0001,136.03353587491438,594.26953125,N/A,N/A,N/A,N/A,N/A,N/A,N/A,N/A,N/A
segnet,semantic,4,0.3340151240825653,0.2468687156200409,0.4211615326881409,0.32535052847862245,0.40978105654304803,0.5005135414444275,0.3756982659514095,0.2680933623993881,0.46686125637683396,0.9125625697112836,0.0001,136.83621029206552,594.26953125,N/A,N/A,N/A,N/A,N/A,N/A,N/A,N/A,N/A
segnet,semantic,5,0.3224467925786972,0.24418417772054674,0.40070940637588504,0.30809337496757505,0.40924452291360164,0.49884431801162293,0.4045334101693035,0.3010441993573544,0.5012904806128347,0.9236319070195678,0.0001,137.00757799996063,594.49755859375,N/A,N/A,N/A,N/A,N/A,N/A,N/A,N/A,N/A
segnet,semantic,6,0.3088012169957161,0.2321824385881424,0.3854199946403503,0.30629728412628177,0.4893701723322339,0.5959669881920325,0.4292603684676344,0.3305550431836633,0.5340936478978616,0.9242801349604465,0.0001,136.40122250001878,595.69921875,N/A,N/A,N/A,N/A,N/A,N/A,N/A,N/A,N/A
segnet,semantic,7,0.29825235834121705,0.22598370269536971,0.37052101421356204,0.27737691593170166,0.4968490216461687,0.6059886213066842,0.4804484108558389,0.39097401987579683,0.5875689638194491,0.9325580359984046,0.0001,136.1980861669872,594.49755859375,N/A,N/A,N/A,N/A,N/A,N/A,N/A,N/A,N/A
segnet,semantic,8,0.27563816823959353,0.20912802610397338,0.3421483106613159,0.28538236480951307,0.5590282511134451,0.6828199497045316,0.4646488219612724,0.37225599760106665,0.5886173779732901,0.9288002967309094,0.0001,136.7704817499034,596.1240234375,N/A,N/A,N/A,N/A,N/A,N/A,N/A,N/A,N/A
segnet,semantic,9,0.26513931027650833,0.2047609628200531,0.3255176586151123,0.29217789494991303,0.537281227113125,0.6606494644132135,0.4412935377300106,0.3448380653280327,0.5623966307494032,0.9244611182248889,0.0001,140.53512529097497,596.1240234375,N/A,N/A,N/A,N/A,N/A,N/A,N/A,N/A,N/A
segnet,semantic,10,0.2612972936987877,0.19959955378770827,0.3229950332641602,0.2933332250714302,0.6541161564522399,0.7799472348120647,0.4888124269343908,0.40301859776166504,0.6163823422511521,0.9228621641556115,0.0001,140.37331670802087,596.1240234375,N/A,N/A,N/A,N/A,N/A,N/A,N/A,N/A,N/A
segnet,semantic,11,0.2529569661736488,0.19678176053762436,0.30913217248916625,0.2772733069062233,0.5825373881021716,0.7022536709144465,0.5017500645724372,0.4181517313518297,0.6258140917747538,0.9245563903444224,0.0001,147.62819479196332,594.031005859375,N/A,N/A,N/A,N/A,N/A,N/A,N/A,N/A,N/A
segnet,semantic,12,0.2466916293144226,0.1895705267906189,0.303812731552124,0.276881751537323,0.6464956018641598,0.7612281940870421,0.4904813661215748,0.40314849539357595,0.6160500816363178,0.9321548483172861,0.0001,144.27565883402713,595.8740234375,N/A,N/A,N/A,N/A,N/A,N/A,N/A,N/A,N/A
segnet,semantic,13,0.23987281761169432,0.1815252945303917,0.2982203402519226,0.2717008336186409,0.6572033569318353,0.7796918730719852,0.504762816503282,0.4203490850341479,0.6367616716672947,0.9308064746551837,0.0001,152.83177645900287,595.8740234375,N/A,N/A,N/A,N/A,N/A,N/A,N/A,N/A,N/A
segnet,semantic,14,0.23690375847816467,0.18262666316628456,0.2911808526992798,0.2866830176115036,0.6375659541141029,0.7618513016671479,0.4576324964659258,0.3635337278372729,0.5777070532180543,0.9303344418181008,0.0001,149.3821930831764,594.031005859375,N/A,N/A,N/A,N/A,N/A,N/A,N/A,N/A,N/A
segnet,semantic,15,0.22996323816776276,0.17415257694721223,0.285773899269104,0.28832557147741317,0.6779119280262789,0.791782599752893,0.5087725724164055,0.4254124868410072,0.6393352996028446,0.9297493961124218,0.0001,146.75096408301033,594.031005859375,N/A,N/A,N/A,N/A,N/A,N/A,N/A,N/A,N/A
segnet,semantic,16,0.2258738034248352,0.17276872456669806,0.2789788825035095,0.26932172095775603,0.6647031989100715,0.7872211269053002,0.5199792233626009,0.43866293770177583,0.6483975510287953,0.9307033143479183,0.0001,153.38924899999984,595.8740234375,N/A,N/A,N/A,N/A,N/A,N/A,N/A,N/A,N/A
segnet,semantic,17,0.21862235053777695,0.1672320354938507,0.27001266670227053,0.28274283081293106,0.6518839328735822,0.7730490692387325,0.5211670732820989,0.44057886074897334,0.650630383062184,0.9291064627722582,0.0001,148.5798132091295,595.01708984375,N/A,N/A,N/A,N/A,N/A,N/A,N/A,N/A,N/A
segnet,semantic,18,0.2125351294517517,0.16370321717858313,0.26136704225540164,0.278205482006073,0.6936062456250273,0.807189434914093,0.512449995289005,0.4288607758103941,0.638042925215545,0.935685687087471,0.0001,139.82752829184756,596.3740234375,N/A,N/A,N/A,N/A,N/A,N/A,N/A,N/A,N/A
segnet,semantic,19,0.2095686737179756,0.1595071559727192,0.2596301924705505,0.29603496426343917,0.5836970481528218,0.7168021005937636,0.4945468296120601,0.4091681693266934,0.626322229503873,0.9260867601511039,0.0001,138.38709704205394,596.3740234375,N/A,N/A,N/A,N/A,N/A,N/A,N/A,N/A,N/A
segnet,semantic,20,0.21150967384576796,0.16096610621213914,0.26205324087142945,0.2841044927239418,0.6034315557932878,0.7031867769765254,0.5130941306661644,0.43016337730876464,0.6417341686595621,0.9320528543568448,0.0001,138.3141106250696,596.3740234375,N/A,N/A,N/A,N/A,N/A,N/A,N/A,N/A,N/A
segnet,semantic,21,0.20822434886693955,0.15834869019389153,0.2581000079154968,0.28449171769618986,0.7368146537473238,0.8422792019340554,0.5157826806993514,0.4338521089643163,0.6451890010568029,0.9307798328382524,0.0001,139.32605933398008,596.3740234375,N/A,N/A,N/A,N/A,N/A,N/A,N/A,N/A,N/A
segnet,semantic,22,0.20156363302469255,0.15518616681694986,0.24794109859466554,0.2980927401781082,0.7192727390623969,0.831807400317962,0.47918893420463676,0.3898020810822754,0.6072500864751519,0.9283329139344545,0.0001,143.79229274997488,596.3740234375,N/A,N/A,N/A,N/A,N/A,N/A,N/A,N/A,N/A
segnet,semantic,23,0.21066022921800615,0.16275968178510666,0.25856077604293826,0.29107548213005063,0.6539390809516239,0.7805709331674994,0.4911853949712876,0.4035979461734951,0.6145579148084378,0.9310748878914339,0.0001,141.79398529208265,596.3740234375,N/A,N/A,N/A,N/A,N/A,N/A,N/A,N/A,N/A
segnet,semantic,24,0.20345043597221374,0.1559002445578575,0.2510006281852722,0.2779312959909439,0.7081698558691651,0.8144017568472961,0.5047495404322727,0.4195890844112097,0.6300937988297708,0.9354526632693336,0.0001,141.4014192088507,596.3740234375,N/A,N/A,N/A,N/A,N/A,N/A,N/A,N/A,N/A
segnet,semantic,25,0.18925239305496216,0.14140075752139092,0.2371040286064148,0.2963314551115036,0.7192341681446797,0.8284894693124797,0.4828147066895012,0.3937595308271181,0.6103489314343415,0.9308688435169402,0.0001,142.36526837502606,596.3740234375,N/A,N/A,N/A,N/A,N/A,N/A,N/A,N/A,N/A
deeplabv3,semantic,1,0.47077940187454226,0.4317171465396881,0.5098416585922241,0.3219433615207672,0.5315999520245754,0.6628989383717139,0.4768057414833083,0.3881841048721425,0.6125334932049445,0.9230558698084388,0.0001,158.85361291700974,639.900146484375,N/A,N/A,N/A,N/A,N/A,N/A,N/A,N/A,N/A
deeplabv3,semantic,2,0.3188003527164459,0.23763574174642563,0.3999649627685547,0.3017403039932251,0.48509005860307575,0.6039141968805607,0.4728801561848674,0.38357092119358716,0.6020564423435265,0.9247663481194446,0.0001,172.64684391696937,807.584716796875,N/A,N/A,N/A,N/A,N/A,N/A,N/A,N/A,N/A
deeplabv3,semantic,3,0.29101779145002366,0.21760754940509797,0.36442803440093996,0.28701099878549574,0.5520510928234266,0.6588794497271747,0.44605378713477145,0.35095912416010355,0.5641044290140321,0.9241174142318038,0.0001,170.95105258305557,806.63525390625,N/A,N/A,N/A,N/A,N/A,N/A,N/A,N/A,N/A
deeplabv3,semantic,4,0.2726899039268494,0.20364583064317704,0.341733976650238,0.2999257647395134,0.5642980156143839,0.6954452155036949,0.46988312114060804,0.3813615861256071,0.5958023520997527,0.9144363365776754,0.0001,168.8184620840475,805.786376953125,N/A,N/A,N/A,N/A,N/A,N/A,N/A,N/A,N/A
deeplabv3,semantic,5,0.25540698149204255,0.18953121556043626,0.32128274688720704,0.27795460599660876,0.5891341157972713,0.7241693108597533,0.5200341253971339,0.4399760768467931,0.6536019414293289,0.9247554673313084,0.0001,165.39933629194275,805.786376953125,N/A,N/A,N/A,N/A,N/A,N/A,N/A,N/A,N/A
deeplabv3,semantic,6,0.24670485298633577,0.18334516921043395,0.310064537525177,0.30136869198083877,0.6201910809023611,0.7382196711119805,0.46869039438968424,0.37902818157111445,0.5851939449923349,0.9195777928853796,0.0001,164.71872066683136,805.22021484375,N/A,N/A,N/A,N/A,N/A,N/A,N/A,N/A,N/A
deeplabv3,semantic,7,0.23974348043203353,0.17854093596339227,0.3009460255622864,0.26508834564685824,0.7282238888596538,0.8387648678912859,0.5255262582612409,0.4453045216631021,0.6520044189591169,0.9320456567692061,0.0001,163.89498383295722,805.22021484375,N/A,N/A,N/A,N/A,N/A,N/A,N/A,N/A,N/A
deeplabv3,semantic,8,0.23028945276737214,0.17128905904889108,0.2892898468017578,0.26302341097593307,0.6728248355070866,0.7823221609119767,0.5323387392634858,0.45276633482480316,0.66459606653004,0.9324202842998008,0.0001,167.1016092079226,805.786376953125,N/A,N/A,N/A,N/A,N/A,N/A,N/A,N/A,N/A
deeplabv3,semantic,9,0.2176912980437279,0.16357437066435815,0.2718082250595093,0.26304654002189637,0.6775428608998254,0.7951496663940487,0.5545089618119418,0.48044343466357275,0.682966541729395,0.9310162943101873,0.0001,166.0495265419595,805.22021484375,N/A,N/A,N/A,N/A,N/A,N/A,N/A,N/A,N/A
deeplabv3,semantic,10,0.209368654859066,0.15150876284837722,0.26722854709625243,0.29608150869607924,0.6628412664817546,0.7872374579875814,0.4885424868293422,0.4016507180978729,0.6215503713938093,0.9247666857461568,0.0001,163.92641108389944,805.786376953125,N/A,N/A,N/A,N/A,N/A,N/A,N/A,N/A,N/A
deeplabv3,semantic,11,0.21743724094629288,0.16280232813954354,0.27207215280532837,0.25873658615350725,0.6683901339330466,0.782334011519425,0.5363118688070047,0.4588665688209182,0.6655243528211484,0.9287094751453103,0.0001,164.91801799996756,805.786376953125,N/A,N/A,N/A,N/A,N/A,N/A,N/A,N/A,N/A
deeplabv3,semantic,12,0.20622813542485238,0.15014362239837648,0.26231264867782594,0.2720128244161606,0.6550493777210734,0.77550561672362,0.5058468323670045,0.42148597392004883,0.6367523410518827,0.9306803250381468,0.0001,163.8809521670919,805.786376953125,N/A,N/A,N/A,N/A,N/A,N/A,N/A,N/A,N/A
deeplabv3,semantic,13,0.20210427223443986,0.14912690638303758,0.25508163747787477,0.2523620204925537,0.7391606494378319,0.8410857338459193,0.560503370021967,0.4863985526573501,0.6870381541715979,0.9363622603255112,0.0001,163.23350445809774,805.786376953125,N/A,N/A,N/A,N/A,N/A,N/A,N/A,N/A,N/A
deeplabv3,semantic,14,0.1912856718659401,0.14021224516630174,0.2423590986251831,0.27610386997461317,0.7222266805569646,0.827009523432915,0.507358791916919,0.4237347829189301,0.6285111810032326,0.9307314294450486,0.0001,162.618535624817,805.72021484375,N/A,N/A,N/A,N/A,N/A,N/A,N/A,N/A,N/A
deeplabv3,semantic,15,0.18735328311920166,0.13678020557761192,0.23792636032104492,0.2580253174304962,0.7455266791463724,0.8467101432829555,0.5467184795025629,0.4707415440441345,0.6784692091766088,0.9324273744607583,0.0001,163.20452366699465,805.72021484375,N/A,N/A,N/A,N/A,N/A,N/A,N/A,N/A,N/A
deeplabv3,semantic,16,0.18974941118955613,0.14073305644392967,0.23876576642990113,0.26174806761741637,0.7376607925996311,0.8358322979046805,0.5492503103954801,0.4733263121437291,0.6760270238403429,0.9349098976360314,0.0001,163.12373874988407,805.72021484375,N/A,N/A,N/A,N/A,N/A,N/A,N/A,N/A,N/A
deeplabv3,semantic,17,0.18042174282073975,0.13214217576980591,0.22870130996704102,0.2902421225309372,0.6771791665258627,0.7974652401840476,0.5044397067453055,0.42074139318463316,0.6392189989648446,0.9270785846583864,0.0001,163.44179037492722,805.72021484375,N/A,N/A,N/A,N/A,N/A,N/A,N/A,N/A,N/A
deeplabv3,semantic,18,0.18495836172699928,0.13838908843398093,0.23152763576507568,0.27153359973430635,0.8113214142484888,0.8941810661087167,0.5354267659299196,0.45630190970441253,0.6580220805867103,0.9367586033923719,0.0001,162.7939643750433,805.72021484375,N/A,N/A,N/A,N/A,N/A,N/A,N/A,N/A,N/A
deeplabv3,semantic,19,0.18049698836803435,0.13272169194221498,0.22827228441238404,0.2752517852187157,0.6991297682081261,0.8116268069781123,0.5333176468331524,0.4543827193306682,0.6609228447445501,0.9337481087724613,0.0001,163.19744458282366,805.72021484375,N/A,N/A,N/A,N/A,N/A,N/A,N/A,N/A,N/A
deeplabv3,semantic,20,0.17676849961280822,0.1281844155728817,0.22535258388519286,0.2688980176448822,0.6655171339045769,0.7538807854196161,0.5260699301319738,0.4455895266915979,0.659745395646068,0.9326156780861894,0.0001,162.63235995802097,805.72021484375,N/A,N/A,N/A,N/A,N/A,N/A,N/A,N/A,N/A
deeplabv3,semantic,21,0.17186691061258316,0.1264614726960659,0.2172723484992981,0.2566188355088234,0.793857057953554,0.8820915912805237,0.564676208939782,0.491233307450582,0.6919247020032081,0.9378173547220264,0.0001,162.82191616715863,805.72021484375,N/A,N/A,N/A,N/A,N/A,N/A,N/A,N/A,N/A
deeplabv3,semantic,22,0.17131481430530549,0.1273076277256012,0.21532200040817262,0.2629268537759781,0.7603538396732733,0.8569752760956,0.5382210622521902,0.4597319750732679,0.6654452352238365,0.9350735238181296,0.0001,162.38905320782214,805.786376953125,N/A,N/A,N/A,N/A,N/A,N/A,N/A,N/A,N/A
deeplabv3,semantic,23,0.17079628164172173,0.12584648346304894,0.2157460799217224,0.25664321494102477,0.7730344944696083,0.8671934088223757,0.545636491364978,0.46859776293279626,0.6695391807570542,0.9363284516142785,0.0001,162.32233283296227,805.786376953125,N/A,N/A,N/A,N/A,N/A,N/A,N/A,N/A,N/A
deeplabv3,semantic,24,0.1690114211201668,0.12317818048596382,0.21484466247558595,0.2661393603682518,0.7869893789366831,0.8743358499131468,0.5329857922702455,0.45304534449720196,0.661188172934622,0.937473205675548,0.0001,162.33036054112017,805.786376953125,N/A,N/A,N/A,N/A,N/A,N/A,N/A,N/A,N/A
deeplabv3,semantic,25,0.17048737218379975,0.12759172916412354,0.21338301467895507,0.27233247441053393,0.7577358877379253,0.853834073191333,0.5461925925165922,0.46981137573981097,0.6772353045002452,0.934494110339878,0.0001,162.54766858299263,805.786376953125,N/A,N/A,N/A,N/A,N/A,N/A,N/A,N/A,N/A
pspnet,semantic,1,0.520082318520546,0.2931551492214203,0.40606109867095946,0.25372831875085833,0.6856850796232624,0.8034936149051927,0.5997444788087387,0.5343260456224039,0.7230318121967291,0.934715317223086,0.0001,168.4423932498321,783.601806640625,N/A,N/A,N/A,N/A,N/A,N/A,N/A,N/A,N/A
pspnet,semantic,2,0.36339304893016816,0.1823049156308174,0.30430630855560303,0.232385318338871,0.6985736137616154,0.8105505352230765,0.6167635002562933,0.5533948643531935,0.7413105790045192,0.9408173982605257,0.0001,182.1156670001801,973.555908203125,N/A,N/A,N/A,N/A,N/A,N/A,N/A,N/A,N/A
pspnet,semantic,3,0.32513767472505567,0.15947545002698899,0.27107364921569826,0.23930509161949157,0.6359030527768182,0.7420689258374029,0.590773671152704,0.522769704769555,0.7148257013845889,0.9377868608912415,0.0001,180.4616344999522,970.805908203125,N/A,N/A,N/A,N/A,N/A,N/A,N/A,N/A,N/A
pspnet,semantic,4,0.2952969358801842,0.13992444222569467,0.24654356660842897,0.21441104632616043,0.7685832285104565,0.8636724097034224,0.6259468326600284,0.5634611866319164,0.7426313656582026,0.9454165186416522,0.0001,177.30778416595422,970.805908203125,N/A,N/A,N/A,N/A,N/A,N/A,N/A,N/A,N/A
pspnet,semantic,5,0.2779173226237297,0.13238119302392007,0.23002452640533447,0.2202726445198059,0.7502468356713746,0.8487322257230296,0.6291792759944596,0.5678689186221386,0.7506373656945055,0.9427375734531851,0.0001,177.15672729187645,974.9658203125,N/A,N/A,N/A,N/A,N/A,N/A,N/A,N/A,N/A
pspnet,semantic,6,0.2691475205779076,0.12619941459298134,0.22400584831237794,0.22736799961328508,0.7935894831243006,0.8799567830413836,0.61095484873717,0.5460084644829288,0.7264931001655008,0.9429291919590638,0.0001,176.40522937499918,972.055908203125,N/A,N/A,N/A,N/A,N/A,N/A,N/A,N/A,N/A
pspnet,semantic,7,0.24740151615142822,0.114972522264719,0.20572901706695557,0.2234534765481949,0.825661927651859,0.9023866125838156,0.6107723879797496,0.5449709456550453,0.737685496591506,0.9454632952879696,0.0001,176.9112035408616,972.055908203125,N/A,N/A,N/A,N/A,N/A,N/A,N/A,N/A,N/A
pspnet,semantic,8,0.24668476725816726,0.11570643538236618,0.20688955411911011,0.23440787309408187,0.7661012792880273,0.8591776596775808,0.6163651673442229,0.5521871864603007,0.7419630417276012,0.9437058715172904,0.0001,177.6492520419415,972.055908203125,N/A,N/A,N/A,N/A,N/A,N/A,N/A,N/A,N/A
pspnet,semantic,9,0.23207280023097993,0.10984797606468201,0.1905937644958496,0.23358214819431306,0.7953117370441705,0.8809247490412105,0.6226170642590904,0.560173601154392,0.7415835349021398,0.9421414167593388,0.0001,177.42365025007166,972.055908203125,N/A,N/A,N/A,N/A,N/A,N/A,N/A,N/A,N/A
pspnet,semantic,10,0.22689860821962357,0.10584424993395805,0.18758474397659303,0.22386725014448167,0.826284167301767,0.9010026835847461,0.6271163124400219,0.5644248817942283,0.7478591032705056,0.9468071416827939,0.0001,178.8928239159286,972.555908203125,N/A,N/A,N/A,N/A,N/A,N/A,N/A,N/A,N/A
pspnet,semantic,11,0.22036073912382126,0.10155168485045434,0.1830607925415039,0.23149047541618348,0.8031061513642697,0.8817492496216629,0.6194813524770741,0.5555651895653646,0.7384844380301442,0.9454940039721169,0.0001,177.76728716609068,972.555908203125,N/A,N/A,N/A,N/A,N/A,N/A,N/A,N/A,N/A
pspnet,semantic,12,0.2209263438820839,0.10207362138032913,0.18637381925582885,0.24285948199033738,0.8128023706730891,0.8905497960431114,0.5979089469245805,0.5299501208728015,0.7216574790535719,0.9435316561337619,0.0001,178.2451128331013,972.555908203125,N/A,N/A,N/A,N/A,N/A,N/A,N/A,N/A,N/A
pspnet,semantic,13,0.21013860930204392,0.09550924305915832,0.17631233921051026,0.22547289037704468,0.8424313169749927,0.9121271475108307,0.6357140298356064,0.574765177765673,0.7520782514588639,0.947341497341627,0.0001,177.95337591692805,972.555908203125,N/A,N/A,N/A,N/A,N/A,N/A,N/A,N/A,N/A
pspnet,semantic,14,0.20293414058685302,0.09407866517603397,0.16875827913284303,0.22648194289207457,0.8540557746491508,0.918920054695533,0.6127607743319717,0.5468959266795806,0.739569831002484,0.9474211618990527,0.0001,177.7462529160548,974.2158203125,N/A,N/A,N/A,N/A,N/A,N/A,N/A,N/A,N/A
pspnet,semantic,15,0.20154454426765442,0.09245913745164872,0.16788248510360718,0.23786353957653045,0.7980539880292278,0.8845684899250008,0.5819578880654152,0.5101968440671526,0.7057883685817736,0.9461012716541304,0.0001,178.41225108294748,974.2158203125,N/A,N/A,N/A,N/A,N/A,N/A,N/A,N/A,N/A
pspnet,semantic,16,0.2029150149703026,0.09506698801517487,0.16823443679809572,0.2285351995229721,0.8155726025467177,0.8935660905987636,0.6158085419747478,0.5510606019954256,0.7358093574292592,0.9456631856482988,0.0001,177.8955878750421,974.2158203125,N/A,N/A,N/A,N/A,N/A,N/A,N/A,N/A,N/A
pspnet,semantic,17,0.18921030873060227,0.08832794935107231,0.1568246913909912,0.23083204525709153,0.840506774988782,0.9103503564396084,0.6167517957171825,0.5519125813019724,0.7339356877807494,0.9474078102972495,0.0001,178.66843458311632,974.2158203125,N/A,N/A,N/A,N/A,N/A,N/A,N/A,N/A,N/A
pspnet,semantic,18,0.1807157468676567,0.08375814135670662,0.1508048180580139,0.22281645810604095,0.8893434219845493,0.9409621023085961,0.627664625960732,0.5647342761767448,0.743250149712746,0.9488979257918279,0.0001,177.91994995810091,974.2158203125,N/A,N/A,N/A,N/A,N/A,N/A,N/A,N/A,N/A
pspnet,semantic,19,0.1840046351790428,0.08444286531209946,0.15376100025177003,0.22780202227830887,0.8204157619696478,0.8962568391401367,0.6229848269272195,0.5597210210422534,0.7389972411100737,0.946355995661865,0.0001,177.70307920803316,974.2158203125,N/A,N/A,N/A,N/A,N/A,N/A,N/A,N/A,N/A
pspnet,semantic,20,0.18370149199962615,0.08618339201509953,0.15478098487854003,0.2362696559727192,0.7987358587794108,0.8760699900841855,0.6050476647817091,0.5379287761028626,0.724252077538698,0.9468015708420415,0.0001,182.56226791604422,974.2158203125,N/A,N/A,N/A,N/A,N/A,N/A,N/A,N/A,N/A
pspnet,semantic,21,0.180776424407959,0.083159134465456,0.15106708097457885,0.23663613939285277,0.8632307147682035,0.9253450730539338,0.6240346157558785,0.5612462927482877,0.7435068792212512,0.9447138867600928,0.0001,181.378286666004,974.2158203125,N/A,N/A,N/A,N/A,N/A,N/A,N/A,N/A,N/A
pspnet,semantic,22,0.17410071396827698,0.08237897620499134,0.14285153894424438,0.23137356960773467,0.86598582860606,0.927088677344746,0.6231043582281595,0.5595270772041191,0.7419486791899569,0.9475570719974078,0.0001,178.31546250008978,974.2158203125,N/A,N/A,N/A,N/A,N/A,N/A,N/A,N/A,N/A
pspnet,semantic,23,0.1747188600540161,0.08393523185551166,0.14344786491394043,0.2209857981801033,0.8599683560541164,0.9230380701644555,0.6289262466960018,0.5665127395895191,0.7492381701306378,0.9470729766786957,0.0001,179.02447458310053,974.2158203125,N/A,N/A,N/A,N/A,N/A,N/A,N/A,N/A,N/A
pspnet,semantic,24,0.16750062445402145,0.07836732558310032,0.14019274349212646,0.24113333624601363,0.8694589467922195,0.9289990220429855,0.5987992993089917,0.5315151022719288,0.7209800917218141,0.9423482438139381,0.0001,178.1790407919325,974.2158203125,N/A,N/A,N/A,N/A,N/A,N/A,N/A,N/A,N/A
pspnet,semantic,25,0.16732141293287278,0.07874847503304482,0.13892101745605467,0.2327671717405319,0.846275795029988,0.9129826636935009,0.6134465284617573,0.547718061883447,0.7322283973857074,0.9479542898243867,0.0001,178.50960741611198,974.2158203125,N/A,N/A,N/A,N/A,N/A,N/A,N/A,N/A,N/A
segformer,semantic,1,0.49672518947124483,0.4601773609161377,0.533273016834259,0.31245169961452485,0.5134893218296772,0.6109236013934357,0.49265815561798426,0.4084305349384218,0.6165389349800298,0.9201474305356443,0.0001,44.093089832924306,80.0107421875,N/A,N/A,N/A,N/A,N/A,N/A,N/A,N/A,N/A
segformer,semantic,2,0.3210062618732452,0.23319003026485444,0.40882249326705933,0.2875583327412605,0.5648481338799959,0.6982677240969543,0.5424709070340747,0.46873317207600795,0.6711590323993892,0.9199606308837497,0.0001,38.014791457913816,94.413330078125,N/A,N/A,N/A,N/A,N/A,N/A,N/A,N/A,N/A
segformer,semantic,3,0.29150980365276336,0.21207275558114053,0.3709468524932861,0.28772203302383426,0.5420360204136782,0.6456927021601048,0.5148659290957115,0.43476472245762043,0.6488888741617712,0.9214025578384868,0.0001,43.03314754203893,94.413330078125,N/A,N/A,N/A,N/A,N/A,N/A,N/A,N/A,N/A
segformer,semantic,4,0.27687447041273117,0.20127373114824296,0.35247520895004275,0.2656608463525772,0.6545801816676681,0.7808695270222324,0.5648180740530117,0.49308943088617224,0.6967356175495502,0.9296000116389136,0.0001,46.900898708961904,94.413330078125,N/A,N/A,N/A,N/A,N/A,N/A,N/A,N/A,N/A
segformer,semantic,5,0.2626534653663635,0.19491785457134247,0.3303890759468079,0.27929650062322614,0.5987976228580849,0.7295401354151031,0.5505650986913808,0.4770228533895648,0.6806801793698664,0.9251901003366737,0.0001,39.923892750171944,94.413330078125,N/A,N/A,N/A,N/A,N/A,N/A,N/A,N/A,N/A
segformer,semantic,6,0.2562468805193901,0.1886444740474224,0.32384928674697877,0.2602579556107521,0.7066681535664575,0.8182321925311785,0.5615901680609899,0.48948022148694703,0.6874612172863152,0.9297209740819167,0.0001,38.749541957862675,94.413330078125,N/A,N/A,N/A,N/A,N/A,N/A,N/A,N/A,N/A
segformer,semantic,7,0.24668742370605468,0.1827008035182953,0.3106740435600281,0.25796844774484634,0.7388376287877487,0.8467329708772717,0.5728791949795663,0.5031694096251963,0.7062175349366925,0.9287757420609265,0.0001,38.57413433305919,94.413330078125,N/A,N/A,N/A,N/A,N/A,N/A,N/A,N/A,N/A
segformer,semantic,8,0.24356892967224122,0.17809107863903045,0.30904677991867063,0.2682301182150841,0.6469561145851642,0.7741443298392734,0.5391606807633412,0.46194074290758425,0.675958340443671,0.9285619322720509,0.0001,37.97083979193121,94.413330078125,N/A,N/A,N/A,N/A,N/A,N/A,N/A,N/A,N/A
segformer,semantic,9,0.23026811819076537,0.16865356599092485,0.29188267040252686,0.27383660900592804,0.6697895180483727,0.7920170180150117,0.5468984511338922,0.4720966298758256,0.681088141832087,0.9269364898525294,0.0001,38.077196000143886,94.413330078125,N/A,N/A,N/A,N/A,N/A,N/A,N/A,N/A,N/A
segformer,semantic,10,0.2289668860435486,0.16721467462182044,0.2907190976142883,0.2615312742590904,0.7499990747353218,0.8538042591074538,0.5752460580106221,0.505196896561966,0.7054566040705382,0.9323706838664354,0.0001,44.99270312511362,94.413330078125,N/A,N/A,N/A,N/A,N/A,N/A,N/A,N/A,N/A
segformer,semantic,11,0.22432295719385148,0.16380839770436287,0.2848375152587891,0.2635626014471054,0.7121832877340925,0.8181390821975096,0.5678228445255208,0.4961182236610203,0.6961192980134122,0.9337257640227768,0.0001,37.80260604200885,94.413330078125,N/A,N/A,N/A,N/A,N/A,N/A,N/A,N/A,N/A
segformer,semantic,12,0.22340411695241927,0.16349704213142394,0.2833111916542053,0.26983308136463163,0.6695987762736461,0.7850074016515441,0.5528659466961572,0.4790444702035959,0.6831675082206061,0.9288590744721809,0.0001,37.98671591700986,94.413330078125,N/A,N/A,N/A,N/A,N/A,N/A,N/A,N/A,N/A
segformer,semantic,13,0.21607166195511818,0.15608571842312813,0.27605760507583615,0.2688587802052498,0.7647100553165304,0.8637630161681136,0.5756727370845739,0.5057519040866368,0.6982946051416667,0.9327847983756963,0.0001,39.61363825015724,94.413330078125,N/A,N/A,N/A,N/A,N/A,N/A,N/A,N/A,N/A
segformer,semantic,14,0.2078151350080967,0.15112438303232192,0.26450588779449463,0.26975401186943054,0.7549297852590425,0.8538792450468495,0.591182390958427,0.524568008234708,0.7194894108460707,0.9320640113850183,0.0001,37.740447542164475,94.413330078125,N/A,N/A,N/A,N/A,N/A,N/A,N/A,N/A,N/A
segformer,semantic,15,0.21183256008625032,0.15552563259601593,0.2681394872665405,0.2571577398777008,0.7664384529654962,0.8614621439425451,0.5944735725786002,0.527787682465641,0.7235727976255896,0.9349243235046463,0.0001,37.664818292018026,94.413330078125,N/A,N/A,N/A,N/A,N/A,N/A,N/A,N/A,N/A
segformer,semantic,16,0.20744511930942536,0.15237688705325125,0.262513352394104,0.27585682934522626,0.7136056213817764,0.8234014770983685,0.5625516662339102,0.4911133068695965,0.6977960288347389,0.927183325672532,0.0001,37.244967999868095,94.413330078125,N/A,N/A,N/A,N/A,N/A,N/A,N/A,N/A,N/A
segformer,semantic,17,0.20313656336069108,0.1485525033712387,0.25772062368392945,0.264394129216671,0.7377518023287957,0.8406382408517287,0.5960982719445864,0.5298032093249122,0.727037551094773,0.9337028514463491,0.0001,37.270566707942635,94.413330078125,N/A,N/A,N/A,N/A,N/A,N/A,N/A,N/A,N/A
segformer,semantic,18,0.1995835681438446,0.14767306209206582,0.2514940748214722,0.2553774682283402,0.7991323313154263,0.8868687623260803,0.6073490888001102,0.5428423533502709,0.7330189278239954,0.9369229201745635,0.0001,37.17766745900735,94.413330078125,N/A,N/A,N/A,N/A,N/A,N/A,N/A,N/A,N/A
segformer,semantic,19,0.20268991196155547,0.1503176281571388,0.2550621964454651,0.26577042424678804,0.7201721851500537,0.8273864594633978,0.5953380097060939,0.528734320836252,0.7234195511340404,0.9353964791150792,0.0001,36.89010695903562,94.413330078125,N/A,N/A,N/A,N/A,N/A,N/A,N/A,N/A,N/A
segformer,semantic,20,0.19528279423117637,0.14238582627773286,0.24817976331710814,0.25980931556224823,0.700438516371401,0.7937759621905262,0.5900409085887391,0.5218548928394371,0.7196714411178947,0.9372852243301605,0.0001,36.66851050010882,94.413330078125,N/A,N/A,N/A,N/A,N/A,N/A,N/A,N/A,N/A
segformer,semantic,21,0.19872041189670564,0.14717318605780602,0.2502676372528076,0.2712205057740211,0.7489914869956049,0.8524178331865183,0.5590212627170191,0.48583948452307163,0.6888894345036976,0.9318973926025159,0.0001,37.051274916157126,94.413330078125,N/A,N/A,N/A,N/A,N/A,N/A,N/A,N/A,N/A
segformer,semantic,22,0.20047255865335464,0.14872230372428893,0.2522228126525879,0.2635850897431374,0.7766541324768069,0.8706037029788396,0.5747325398588389,0.5042130549156043,0.7058750566607898,0.9330626344665524,0.0001,36.96206529205665,94.413330078125,N/A,N/A,N/A,N/A,N/A,N/A,N/A,N/A,N/A
segformer,semantic,23,0.18515416238307952,0.13488423488140105,0.23542409019470215,0.2602530689835548,0.7623434302303095,0.8611571709874176,0.6052462555972803,0.5404548829149282,0.7329820252949876,0.9364024839442768,0.0001,37.10033804201521,94.413330078125,N/A,N/A,N/A,N/A,N/A,N/A,N/A,N/A,N/A
segformer,semantic,24,0.19487954865694046,0.14368944755196572,0.24606964988708496,0.2967751147150993,0.7381696759064252,0.8434774866431348,0.5094374181450005,0.4261318791354249,0.6410859712082176,0.9306139353491807,0.0001,36.88359445799142,94.413330078125,N/A,N/A,N/A,N/A,N/A,N/A,N/A,N/A,N/A
segformer,semantic,25,0.19021475126743317,0.13968282262086867,0.24074668064117433,0.26916733729839326,0.7881751285977052,0.878400300209533,0.5693096690625234,0.4973095191904301,0.6998336170755436,0.9349847740328103,0.0001,36.987076916964725,94.413330078125,N/A,N/A,N/A,N/A,N/A,N/A,N/A,N/A,N/A
maskrcnn,instance,1,N/A,N/A,N/A,N/A,N/A,N/A,N/A,N/A,N/A,N/A,0.0001,728.4504852918908,687.49560546875,0.16037977887392044,0.21071967282295226,0.36104035289287567,0.06127601329237223,0.05558457547351718,0.8490003938674927,0.21522391832790153,0.4174864570070748,0.20859996758965565
maskrcnn,instance,2,N/A,N/A,N/A,N/A,N/A,N/A,N/A,N/A,N/A,N/A,0.0001,722.596669459017,862.26904296875,0.13915715681910515,0.192865068423748,0.33595349435806277,0.049403155113756654,0.0521964784104377,0.7695753518104553,0.2291094276663007,0.4336327297613267,0.23118610623813732
maskrcnn,instance,3,N/A,N/A,N/A,N/A,N/A,N/A,N/A,N/A,N/A,N/A,0.0001,731.7098055409733,864.51904296875,0.13244289281368254,0.1873955377459526,0.3293660177230835,0.046610628508776425,0.05156520758718252,0.7473802842617034,0.2489253096322073,0.4753520051737976,0.23993099282787989
maskrcnn,instance,4,N/A,N/A,N/A,N/A,N/A,N/A,N/A,N/A,N/A,N/A,0.0001,748.2234247499146,862.20654296875,0.1299002414882183,0.18502929006814955,0.32353306906223295,0.0427592915058136,0.05136958791352809,0.7325914803028106,0.2557987238222414,0.4612362718792961,0.25579881568246626
maskrcnn,instance,5,N/A,N/A,N/A,N/A,N/A,N/A,N/A,N/A,N/A,N/A,0.0001,738.2519526251126,864.26904296875,0.1263519666016102,0.18292568498849868,0.31820865128040315,0.03852645695693791,0.04944225454740226,0.7154550148487091,0.27609420089378967,0.5129940450554334,0.2804487586709413
maskrcnn,instance,6,N/A,N/A,N/A,N/A,N/A,N/A,N/A,N/A,N/A,N/A,0.0001,745.7003341668751,863.2060546875,0.1234718891620636,0.17949836999177932,0.31535898504257204,0.03890677451938391,0.05031865609847009,0.7075546754360199,0.275704886511016,0.49600998771855265,0.2728797335027643
maskrcnn,instance,7,N/A,N/A,N/A,N/A,N/A,N/A,N/A,N/A,N/A,N/A,0.0001,742.2091561660636,862.64404296875,0.11943532766699791,0.17885214759111404,0.3112712379217148,0.03573377040401101,0.04912755921445787,0.6944200448989868,0.2695121094498493,0.50563633376999,0.26252035795182194
maskrcnn,instance,8,N/A,N/A,N/A,N/A,N/A,N/A,N/A,N/A,N/A,N/A,0.0001,747.0707474588417,862.26904296875,0.11783994653522968,0.17550699526667596,0.3087860645055771,0.03489669918566942,0.04860814196877181,0.6856378493785859,0.29496721759657796,0.5454251291268086,0.2958417023031323
maskrcnn,instance,9,N/A,N/A,N/A,N/A,N/A,N/A,N/A,N/A,N/A,N/A,0.0001,769.2165237502195,862.45654296875,0.11494570196270942,0.1760315813958645,0.30886225340366363,0.032850489335134625,0.04793843654319644,0.6806284630298615,0.286420303306438,0.5118890472638007,0.28702059517659173
maskrcnn,instance,10,N/A,N/A,N/A,N/A,N/A,N/A,N/A,N/A,N/A,N/A,0.0001,822.7420057500713,861.45654296875,0.11033394404947758,0.17208060256242752,0.3029266545295715,0.03060264131873846,0.04621678845360875,0.6621606292247773,0.2885303461630679,0.5239646055113286,0.28348852031559807
maskrcnn,instance,11,N/A,N/A,N/A,N/A,N/A,N/A,N/A,N/A,N/A,N/A,0.0001,780.8446249591652,864.44091796875,0.11049942049980163,0.17086673674583436,0.30059719789028166,0.03155954598113894,0.046482696970552205,0.6600055993318558,0.27890924572580195,0.5101823678985044,0.2794484097822163
maskrcnn,instance,12,N/A,N/A,N/A,N/A,N/A,N/A,N/A,N/A,N/A,N/A,0.0001,978.8051242921501,862.50341796875,0.10868426320552826,0.16943643615841866,0.2989408741235733,0.027890266818553208,0.04536485631465912,0.6503166962146759,0.28165353149222183,0.5181967157604911,0.2657813637697856
maskrcnn,instance,13,N/A,N/A,N/A,N/A,N/A,N/A,N/A,N/A,N/A,N/A,0.0001,2357.0115998338442,862.87841796875,0.1051421359539032,0.1683591118991375,0.29548204798698424,0.027529728843271734,0.04582161369249225,0.642334640455246,0.2736141115396522,0.5100375286850614,0.2672203197753674
maskrcnn,instance,14,N/A,N/A,N/A,N/A,N/A,N/A,N/A,N/A,N/A,N/A,0.0001,4374.2582244998775,862.69091796875,0.10291971149146557,0.16458314799666404,0.2954462601900101,0.028604732670634986,0.04415722067356109,0.6357110734939575,0.26965811495088154,0.5049141504506666,0.26218288925875993
